ANX_i_c,STR_c,FREAZING_c,olderi,female,Juvenaile,PSS,inactive,HFD,FD,EBR,PBR
0.015665467625899265,-0.243910578,-0.056723904,0,0,0,1,1,0,0,0,1
0.10566546762589935,-0.212916959,0.12571161047895563,0,0,0,1,1,0,0,0,1
0.005665468,-0.206839779,0.13787397809144736,0,0,0,1,1,0,0,0,1
0.095665468,-0.189762903,0.18652344854141417,0,0,0,1,1,0,0,0,1
0.035665468,0.084439468,-0.081048639,0,0,0,1,1,0,0,0,1
0.045665468,-0.065666883,-0.032399168,0,0,0,1,1,0,0,0,1
0.055665468,-0.126621,-0.056723904,0,0,0,1,1,0,0,0,1
0.19566546762589931,0.23624742867510917,0.2716600218288562,0,0,0,1,1,0,0,1,0
0.19566546762589931,0.2988423846155528,0.19868581615390585,0,0,0,1,1,0,0,1,0
0.11566546762589935,0.23010947668483267,0.02841267,0,0,0,1,1,0,0,0,1
0.075665468,-0.122123887,0.004087934,0,0,0,1,1,0,0,0,1
0.095665468,-0.108146373,0.19868581615390585,0,0,0,1,1,0,0,0,1
0.085665468,-0.015408603,0.040575037,0,0,0,1,1,0,0,0,1
0.19566546762589931,0.3207202332937661,0.07706214,0,0,0,1,1,0,0,1,0
0.19566546762589931,0.24900950707073355,0.21084818376639763,0,0,0,1,1,0,0,1,0
0.19566546762589931,0.18216052499841506,0.2716600218288562,0,0,0,1,1,0,0,1,0
0.12566546762589936,0.2866880242387676,0.040575037,0,0,0,1,1,0,0,0,1
0.065665468,0.10431184678510613,0.016250301966530267,0,0,0,1,1,0,0,0,1
0.12566546762589936,0.055937492,0.12571161047895563,0,0,0,1,1,0,0,0,1
0.12566546762589936,0.072467423,0.16219871331643076,0,0,0,1,1,0,0,0,1
0.075665468,-0.009392195,0.02841267,0,0,0,1,1,0,0,0,1
0.12566546762589936,-0.061352085,0.064899772,0,0,0,1,1,0,0,0,1
0.19566546762589931,0.177298781,0.36895896272879003,0,0,0,1,1,0,0,1,0
0.12566546762589936,-0.073749533,0.12571161047895563,0,0,0,1,1,0,0,0,1
0.035665468,-0.016684811,0.16219871331643076,0,0,0,1,1,0,0,0,1
0.045665468,0.10431184678510613,0.2230105513788893,0,0,0,1,1,0,0,0,1
0.19566546762589931,0.24712558121233197,0.2716600218288562,0,0,0,1,1,0,0,1,0
0.075665468,0.1814920351776919,-0.044561536,0,0,0,1,1,0,0,0,1
-0.004334532,-0.054910274,-0.22699705,0,0,0,1,1,0,0,0,1
0.10566546762589935,-0.005077397,0.12571161047895563,0,0,0,1,1,0,0,0,1
-0.064334532,-0.243728263,-0.166185212,0,0,0,0,1,0,0,0,0
-0.114334532,-0.206232061,-0.22699705,0,0,0,0,1,0,0,0,0
-0.044334532,-0.211458436,-0.214834683,0,0,0,0,1,0,0,0,1
-0.054334532,-0.170984416,-0.251321786,0,0,0,0,1,0,0,0,1
-0.044334532,-0.236071016,-0.251321786,0,0,0,0,1,0,0,0,1
-0.044334532,-0.225071319,-0.251321786,0,0,0,0,1,0,0,0,0
0.025665467625899274,-0.219844944,0.040575037,0,0,0,0,1,0,0,0,1
0.075665468,-0.206049745,0.12571161047895563,0,0,0,0,1,0,0,0,1
-0.074334532,-0.156763814,0.1135492428664639,0,0,0,0,1,0,0,0,1
-0.134334532,-0.158586968,-0.141860477,0,0,0,0,1,0,0,0,1
-0.094334532,-0.2311485,-0.117535742,0,0,0,0,1,0,0,0,0
-0.074334532,-0.244457524,0.02841267,0,0,0,0,1,0,0,0,0
-0.084334532,-0.182956461,-0.202672315,0,0,0,0,1,0,0,0,1
0.015665467625899265,-0.144852541,-0.214834683,0,0,0,0,1,0,0,0,1
-0.074334532,-0.195232365,-0.141860477,0,0,0,0,1,0,0,0,1
-0.014334532,-0.183138776,-0.093211007,0,0,0,0,1,0,0,0,1
-0.024334532,-0.189580587,-0.251321786,0,0,0,0,1,0,0,0,1
-0.054334532,-0.097997482,-0.239159418,0,0,0,0,1,0,0,0,1
0.025665467625899274,-0.207265181,-0.202672315,0,0,0,0,1,0,0,0,1
-0.044334532,-0.231695446,-0.105373374,0,0,0,0,1,0,0,0,1
-0.124334532,-0.254059469,-0.032399168,0,0,0,0,1,0,0,0,1
-0.054334532,-0.205442027,-0.008074433,0,0,0,0,1,0,0,0,1
0.075665468,-0.193287667,0.004087934,0,0,0,0,1,0,0,0,1
0.025665467625899274,-0.186541997,0.12571161047895563,0,0,0,0,1,0,0,0,1
0.045665468,-0.21869028,0.15003634570393903,0,0,0,0,1,0,0,0,1
-0.124334532,-0.24196588,0.13787397809144736,0,0,0,0,1,0,0,0,0
-0.054334532,-0.22476746,-0.141860477,0,0,0,0,1,0,0,0,0
0.075665468,-0.187149715,0.040575037,0,0,0,0,1,0,0,0,0
0.025665467625899274,-0.219419542,0.07706214,0,0,0,0,1,0,0,0,0
0.025665467625899274,-0.219541085,0.18652344854141417,0,0,0,0,1,0,0,0,0
0.19566546762589931,0.41242488233661023,0.18652344854141417,0,1,0,1,1,0,0,1,0
0.19566546762589931,0.2852295009935534,0.2230105513788893,0,1,0,1,1,0,0,1,0
0.19566546762589931,0.2796992670221161,0.3081471246663313,0,1,0,1,1,0,0,1,0
-0.094334532,-0.098058253,-0.032399168,0,1,0,1,1,0,0,0,1
0.045665468,-0.122306202,0.004087934,0,1,0,1,1,0,0,0,1
-0.104334532,-0.195232365,0.10138687525397222,0,1,0,1,1,0,0,0,1
0.055665468,-0.097997482,-0.093211007,0,1,0,1,1,0,0,0,1
-0.104334532,0.053263533202608404,-0.020236801,0,1,0,1,1,0,0,0,1
0.015665467625899265,0.11847167662406083,-0.105373374,0,1,0,1,1,0,0,0,1
-0.054334532,0.021479881,0.2716600218288562,0,1,0,1,1,0,0,0,1
-0.004334532,-0.037286452,0.12571161047895563,0,1,0,1,1,0,0,0,1
0.12566546762589936,-0.219541085,0.3203094922788231,0,1,0,1,1,0,0,0,1
-0.184334532,-0.039535008,-0.214834683,0,1,0,1,1,0,0,0,0
-0.054334532,0.03023102,-0.166185212,0,1,0,1,1,0,0,0,0
-0.064334532,-0.103831575,0.064899772,0,1,0,1,1,0,0,0,0
-0.004334532,-0.219541085,0.19868581615390585,0,1,0,1,1,0,0,0,1
-0.144334532,0.12388036699173016,-0.008074433,0,1,0,1,1,0,0,0,0
-0.254334532,-0.104743152,-0.117535742,0,1,0,1,1,0,0,0,0
-0.214334532,-0.073445674,-0.22699705,0,1,0,1,1,0,0,0,0
-0.024334532,0.12078100509564993,0.19868581615390585,0,1,0,1,1,0,0,0,1
0.025665467625899274,-0.045186786,0.16219871331643076,0,1,0,1,1,0,0,0,1
0.055665468,-0.075511915,-0.17834758,0,1,0,1,1,0,0,0,1
0.025665467625899274,-0.03722568,-0.093211007,0,1,0,1,1,0,0,0,1
-0.054334532,0.15724408622600544,0.07706214,0,1,0,1,1,0,0,0,0
0.085665468,-0.097997482,0.040575037,0,1,0,1,1,0,0,0,1
0.075665468,-0.037286452,-0.117535742,0,1,0,1,1,0,0,0,1
0.005665468,-0.152692103,-0.105373374,0,1,0,1,1,0,0,0,1
-0.174334532,-0.225618266,0.064899772,0,1,0,1,1,0,0,0,0
0.19566546762589931,0.11470382490725739,0.10138687525397222,0,1,0,1,1,0,0,0,1
0.005665468,0.23017024848671647,-0.093211007,0,1,0,1,1,0,0,0,1
0.19566546762589931,0.13232764745359588,0.2594976542163645,0,1,0,1,1,0,0,1,0
-0.004334532,-0.097997482,0.004087934,0,1,0,1,1,0,0,0,1
-0.064334532,-0.03722568,-0.214834683,0,1,0,0,1,0,0,0,1
-0.094334532,-0.097997482,-0.141860477,0,1,0,0,1,0,0,0,0
-0.034334532,-0.187210487,-0.117535742,0,1,0,0,1,0,0,0,0
-0.224334532,-0.014740113,-0.166185212,0,1,0,0,1,0,0,0,0
-0.004334532,-0.098058253,-0.214834683,0,1,0,0,1,0,0,0,1
0.19566546762589931,-0.205563571,0.1135492428664639,0,1,0,0,1,0,0,0,1
-0.014334532,0.10066553867207056,-0.141860477,0,1,0,0,1,0,0,0,1
-0.264334532,-0.037286452,0.3081471246663313,0,1,0,0,1,0,0,0,0
-0.074334532,-0.051203194,-0.22699705,0,1,0,0,1,0,0,0,1
-0.074334532,-0.111853453,-0.202672315,0,1,0,0,1,0,0,0,0
-0.244334532,-0.126560229,-0.117535742,0,1,0,0,1,0,0,0,0
-0.254334532,-0.152145157,-0.166185212,0,1,0,0,1,0,0,0,1
-0.204334532,-0.045186786,0.10138687525397222,0,1,0,0,1,0,0,0,0
-0.104334532,-0.2335186,0.15003634570393903,0,1,0,0,1,0,0,0,1
-0.124334532,0.12078100509564993,-0.117535742,0,1,0,0,1,0,0,0,0
-0.014334532,-0.037286452,-0.081048639,0,1,0,0,1,0,0,0,1
-0.474334532,-0.170923644,-0.202672315,0,1,0,0,1,0,0,0,0
-0.064334532,-0.073445674,-0.214834683,0,1,0,0,1,0,0,0,0
-0.164334532,-0.036800277,-0.081048639,0,1,0,0,1,0,0,0,0
-0.104334532,-0.099881408,-0.202672315,0,1,0,0,1,0,0,0,1
-0.164334532,0.082373226,-0.105373374,0,1,0,0,1,0,0,0,0
-0.204334532,-0.03722568,0.1135492428664639,0,1,0,0,1,0,0,0,0
-0.114334532,-0.099881408,-0.117535742,0,1,0,0,1,0,0,0,0
-0.064334532,-0.242026652,-0.251321786,0,1,0,0,1,0,0,0,1
-0.304334532,-0.217717931,0.19868581615390585,0,1,0,0,1,0,0,0,0
-0.044334532,-0.097997482,0.15003634570393903,0,1,0,0,1,0,0,0,1
-0.124334532,-0.22744142,-0.117535742,0,1,0,0,1,0,0,0,1
-0.004334532,-0.212856187,-0.093211007,0,1,0,0,1,0,0,0,1
0.19566546762589931,-0.171592134,0.16219871331643076,0,1,0,0,1,0,0,0,1
0.19566546762589931,-0.154089855,-0.020236801,0,1,0,0,1,0,0,0,1
0.10566546762589935,-0.03722568,0.07706214,1,0,0,1,1,0,0,0,1
-0.094334532,0.010966359091395983,-0.020236801,1,0,0,1,1,0,0,0,0
0.13566546762589926,0.12072023329376608,0.21084818376639763,1,0,0,1,1,0,0,0,1
0.10566546762589935,-0.22002726,0.040575037,1,0,0,1,1,0,0,0,1
0.11566546762589935,0.084257152,0.031453261482144834,1,0,0,1,1,0,0,0,1
0.19566546762589931,0.1390125456608277,0.39328369795377327,1,0,0,1,1,0,0,1,0
0.12566546762589936,-0.098058253,0.064899772,1,0,0,1,1,0,0,0,1
0.045665468,-0.036861049,-0.053500876,1,0,0,1,1,0,0,0,1
0.015665467625899265,-0.084749229,0.11637091215256201,1,0,0,1,1,0,0,0,1
0.19566546762589931,0.20415991728039623,0.24733528660387283,1,0,0,1,1,0,0,1,0
0.10566546762589935,-0.051081651,0.040575037,1,0,0,1,1,0,0,0,1
0.095665468,-0.061595172,-0.162962185,1,0,0,1,1,0,0,0,1
0.19566546762589931,0.18155280697957582,0.2015074854400039,1,0,0,1,1,0,0,1,0
-0.014334532,-0.075572687,0.007128526,1,0,0,1,1,0,0,0,1
0.005665468,-0.121759256,-0.13863745,1,0,0,1,1,0,0,0,1
0.19566546762589931,0.13415080151011366,-0.041338509,1,0,0,1,1,0,0,1,0
0.19566546762589931,0.1816743505833437,0.27448169111495435,1,0,0,1,1,0,0,1,0
0.19566546762589931,0.28322403153138387,0.3081471246663313,1,0,0,1,1,0,0,1,0
0.095665468,-0.051932456,0.4419331684037402,1,0,0,1,1,0,0,0,1
0.045665468,-0.098058253,0.019473329383840554,1,0,0,1,1,0,0,0,1
0.025665467625899274,-0.1195107,0.07706214,1,0,0,1,1,0,0,0,1
0.11566546762589935,-0.03722568,0.1528580149900371,1,0,0,1,1,0,0,0,1
0.095665468,-0.098058253,0.21084818376639763,1,0,0,1,1,0,0,0,1
0.085665468,-0.158830055,-0.089319049,1,0,0,1,1,0,0,0,1
0.19566546762589931,0.15724408622600544,0.20257777378990321,1,0,0,1,1,0,0,1,0
0.10566546762589935,0.10072631047395442,-0.008074433,1,0,0,1,1,0,0,0,1
0.10566546762589935,-0.000276424,0.004087934,1,0,0,1,1,0,0,0,1
0.045665468,0.12102409230318573,-0.114714072,1,0,0,1,1,0,0,0,1
0.15566546762589928,-0.000580283,-0.016344843,1,0,0,1,1,0,0,0,1
0.19566546762589931,0.2303525638923683,0.4419331684037402,1,0,0,1,1,0,0,1,0
-0.154334532,-0.243849806,0.3324718598913148,1,0,0,0,1,0,0,0,1
0.035665468,-0.220209575,-0.101481417,1,0,0,0,1,0,0,0,1
-0.104334532,-0.225618266,-0.07822697,1,0,0,0,1,0,0,0,1
0.10566546762589935,-0.24397135,-0.044561536,1,0,0,0,1,0,0,0,1
-0.244334532,-0.254181013,-0.056723904,1,0,0,0,1,0,0,0,1
0.14566546762589927,-0.193469982,-0.162962185,1,0,0,0,1,0,0,0,1
-0.144334532,-0.204834309,0.07706214,1,0,0,0,1,0,0,0,1
-0.124334532,-0.193226895,0.007979892,1,0,0,0,1,0,0,0,1
-0.054334532,-0.255335677,0.004087934,1,0,0,0,1,0,0,0,1
-0.114334532,-0.247374571,0.02841267,1,0,0,0,1,0,0,0,1
-0.234334532,-0.051810912,-0.017013773,1,0,0,0,1,0,0,0,1
-0.284334532,-0.182956461,-0.17834758,1,0,0,0,1,0,0,0,0
-0.004334532,-0.213524677,-0.175124552,1,0,0,0,1,0,0,0,1
-0.104334532,-0.193226895,-0.081048639,1,0,0,0,1,0,0,0,1
-0.044334532,-0.226165212,-0.056723904,1,0,0,0,1,0,0,0,1
-0.214334532,-0.223855883,0.16609067095242808,1,0,0,0,1,0,0,0,0
0.005665468,-0.132515865,-0.138746911,1,0,0,0,1,0,0,0,1
-0.054334532,-0.240142726,-0.163022997,1,0,0,0,1,0,0,0,1
-0.024334532,-0.229750748,0.2379945882774792,1,0,0,0,1,0,0,0,1
0.12566546762589936,-0.212916959,0.12571161047895563,1,0,0,0,1,0,0,0,1
-0.144334532,-0.182348743,0.07706214,1,0,0,0,1,0,0,0,1
-0.044334532,-0.195171593,-0.017013773,1,0,0,0,1,0,0,0,1
-0.044334532,-0.181315622,-0.018765154,1,0,0,0,1,0,0,0,1
0.1756654676258993,-0.23218162,0.23517291899138115,1,0,0,0,1,0,0,0,1
0.015665467625899265,-0.225071319,-0.028507211,1,0,0,0,1,0,0,0,1
0.19566546762589931,0.23624742867510917,-0.017415132,1,1,0,1,1,0,0,1,0
0.19566546762589931,0.22348535027948463,0.079883809,1,1,0,1,1,0,0,1,0
0.19566546762589931,0.16392898443323733,0.35679659511629824,1,1,0,1,1,0,0,1,0
0.19566546762589931,0.23017024848671647,0.16219871331643076,1,1,0,1,1,0,0,1,0
0.065665468,0.10194174651163296,-0.017415132,1,1,0,1,1,0,0,0,1
0.19566546762589931,0.18155280697957582,0.28382238944134797,1,1,0,1,1,0,0,1,0
0.19566546762589931,0.2065907893557533,0.4419331684037402,1,1,0,1,1,0,0,1,0
-0.074334532,0.12078100509564993,-0.032399168,1,1,0,1,1,0,0,0,0
0.005665468,0.17122160065930841,-0.139038808,1,1,0,1,1,0,0,0,1
0.14566546762589927,0.4611030956456348,0.16219871331643076,1,1,0,1,1,0,0,0,1
0.035665468,0.12017328707681069,-0.032399168,1,1,0,1,1,0,0,0,1
0.065665468,-0.079340539,0.064899772,1,1,0,1,1,0,0,0,1
0.19566546762589931,0.12078100509564993,0.2594976542163645,1,1,0,1,1,0,0,1,0
0.065665468,0.18440908166812037,-0.089987979,1,1,0,1,1,0,0,0,1
0.065665468,-0.077942787,-0.032399168,1,1,0,1,1,0,0,0,1
0.19566546762589931,0.46529634997562574,0.18652344854141417,1,1,0,1,1,0,0,1,0
0.045665468,0.12078100509564993,-0.017004044,1,1,0,1,1,0,0,0,1
0.19566546762589931,0.18398367905493285,0.07706214,1,1,0,1,1,0,0,1,0
0.095665468,0.21801588810993128,0.052737405,1,1,0,1,1,0,0,0,1
0.055665468,-0.04397135,-0.126475082,1,1,0,1,1,0,0,0,1
0.19566546762589931,0.2537497076176798,0.2230105513788893,1,1,0,1,1,0,0,1,0
0.19566546762589931,0.2226345450531097,0.07706214,1,1,0,1,1,0,0,1,0
0.10566546762589935,-0.140537743,0.031635697,1,1,0,1,1,0,0,0,1
0.19566546762589931,0.19954126033721786,0.089224508,1,1,0,1,1,0,0,1,0
0.12566546762589936,-0.085843121,-0.089987979,1,1,0,1,1,0,0,0,1
0.19566546762589931,0.13226687565171202,0.4816432986585255,1,1,0,1,1,0,0,1,0
0.19566546762589931,0.21801588810993128,0.19868581615390585,1,1,0,1,1,0,0,1,0
0.085665468,-0.220148803,-0.114312714,1,1,0,1,1,0,0,0,1
0.19566546762589931,0.21801588810993128,0.47842027124121533,1,1,0,1,1,0,0,1,0
0.19566546762589931,0.15906724028252323,0.19868581615390585,1,1,0,1,1,0,0,1,0
0.19566546762589931,0.30127325669090976,-0.102150347,1,1,0,0,1,0,0,0,1
-0.094334532,0.1927348185262182,-0.202672315,1,1,0,0,1,0,0,0,0
-0.004334532,0.14527204125487214,-0.13863745,1,1,0,0,1,0,0,0,1
-0.004334532,0.1861714639227542,-0.105373374,1,1,0,0,1,0,0,0,1
-0.144334532,-0.072169466,-0.22699705,1,1,0,0,1,0,0,0,1
-0.064334532,0.11209063742624858,-0.102150347,1,1,0,0,1,0,0,0,1
-0.044334532,0.3097813089546594,-0.102150347,1,1,0,0,1,0,0,0,1
-0.114334532,-0.125466336,-0.032399168,1,1,0,0,1,0,0,0,1
0.10566546762589935,-0.182044884,-0.126475082,1,1,0,0,1,0,0,0,1
-0.004334532,0.090334332,-0.162962185,1,1,0,0,1,0,0,0,1
-0.174334532,0.092400574,-0.239159418,1,1,0,0,1,0,0,0,1
0.005665468,-0.050473933,0.006909604,1,1,0,0,1,0,0,0,1
-0.004334532,-0.041479706,-0.044561536,1,1,0,0,1,0,0,0,1
-0.014334532,0.13020063438765844,-0.032399168,1,1,0,0,1,0,0,0,0
0.045665468,-0.040385814,0.16219871331643076,1,1,0,0,1,0,0,0,1
0.075665468,0.146973652,-0.068886271,1,1,0,0,1,0,0,0,1
0.075665468,-0.188182836,-0.004851406,1,1,0,0,1,0,0,0,1
0.015665467625899265,0.15548170397137162,-0.020236801,1,1,0,0,1,0,0,0,1
-0.134334532,0.36502287686714807,-0.081048639,1,1,0,0,1,0,0,0,1
-0.054334532,0.29227903001208877,-0.117535742,1,1,0,0,1,0,0,0,1
0.065665468,-0.122853149,-0.089987979,1,1,0,0,1,0,0,0,1
0.055665468,0.055572862,-0.126475082,1,1,0,0,1,0,0,0,1
0.005665468,0.18137049157392404,0.064899772,1,1,0,0,1,0,0,0,1
0.025665467625899274,0.11999097167115896,0.02841267,1,1,0,0,1,0,0,0,1
0.035665468,0.081704736,0.031635697,1,1,0,0,1,0,0,0,1
-0.034334532,0.083527891,-0.017013773,1,1,0,0,1,0,0,0,0
0.015665467625899265,-0.000944914,0.079883809,1,1,0,0,1,0,0,0,1
0.035665468,0.16374666902758556,-0.089987979,1,1,0,0,1,0,0,0,1
0.045665468,-0.146614923,0.064899772,1,1,0,0,1,0,0,0,1
0.015665467625899265,-0.189155185,-0.017013773,1,1,0,0,1,0,0,0,1
0.19566546762589931,0.16374666902758556,0.2379945882774792,0,0,1,1,1,0,0,1,0
0.19566546762589931,0.1936463955544771,0.490582639,0,0,1,1,1,0,0,1,0
-0.044334532,-0.097997482,-0.008074433,0,0,1,1,1,0,0,0,0
0.055665468,-0.143029387,-0.129698109,0,0,1,1,1,0,0,0,1
0.19566546762589931,0.16933767480090678,0.27448169111495435,0,0,1,1,1,0,0,1,0
-0.074334532,-0.097997482,-0.056723904,0,0,1,1,1,0,0,0,0
0.19566546762589931,0.19978434754475355,-0.017013773,0,0,1,1,1,0,0,1,0
0.19566546762589931,0.15748717343354124,0.40544606556626506,0,0,1,1,1,0,0,1,0
0.005665468,-0.098179797,0.02841267,0,0,1,1,1,0,0,0,0
0.005665468,-0.146797239,0.15003634570393903,0,0,1,1,1,0,0,0,0
0.13566546762589926,0.1041903031813382,0.48121761579208844,0,0,1,1,1,0,0,0,1
0.19566546762589931,0.13919486106647955,0.27448169111495435,0,0,1,1,1,0,0,1,0
0.19566546762589931,0.1588849248768715,0.5635568445286573,0,0,1,1,1,0,0,1,0
-0.054334532,-0.061595172,0.052737405,0,0,1,1,1,0,0,0,0
0.12566546762589936,-0.146797239,0.079883809,0,0,1,1,1,0,0,0,1
0.19566546762589931,0.16392898443323733,0.4297708007912484,0,0,1,1,1,0,0,1,0
0.19566546762589931,0.2854725882010891,0.6397540776209178,0,0,1,1,1,0,0,1,0
0.005665468,0.1005439950683027,-0.020236801,0,0,1,1,1,0,0,0,0
0.19566546762589931,0.2058615277331462,0.24733528660387283,0,0,1,1,1,0,0,1,0
0.15566546762589928,-0.220331119,-0.105373374,0,0,1,1,1,0,0,0,1
-0.044334532,-0.017353301,0.19868581615390585,0,0,1,0,1,0,0,0,1
-0.174334532,-0.134642878,-0.117535742,0,0,1,0,1,0,0,0,0
-0.074334532,-0.097997482,-0.004851406,0,0,1,0,1,0,0,0,1
0.015665467625899265,-0.143029387,0.12571161047895563,0,0,1,0,1,0,0,0,1
-0.144334532,-0.183078004,-0.211611655,0,0,1,0,1,0,0,0,0
-0.414334532,-0.097997482,-0.239159418,0,0,1,0,1,0,0,0,0
-0.304334532,-0.020817293,-0.214834683,0,0,1,0,1,0,0,0,0
-0.014334532,-0.20756904,-0.089987979,0,0,1,0,1,0,0,0,1
-0.064334532,-0.098179797,-0.102150347,0,0,1,0,1,0,0,0,1
-0.064334532,-0.146797239,0.11677227028377424,0,0,1,0,1,0,0,0,1
-0.094334532,0.1041903031813382,-0.117535742,0,0,1,0,1,0,0,0,1
-0.494334532,-0.14011234,-0.22699705,0,0,1,0,1,0,0,0,0
-0.134334532,-0.217900247,-0.239159418,0,0,1,0,1,0,0,0,1
-0.204334532,-0.244032122,-0.126475082,0,0,1,0,1,0,0,0,0
-0.254334532,-0.146797239,-0.202672315,0,0,1,0,1,0,0,0,1
-0.404334532,-0.152874419,-0.214834683,0,0,1,0,1,0,0,0,1
0.005665468,-0.220331119,-0.141860477,0,0,1,0,1,0,0,0,1
-0.364334532,0.1005439950683027,-0.239159418,0,0,1,0,1,0,0,0,0
-0.204334532,-0.098179797,-0.214834683,0,0,1,0,1,0,0,0,1
-0.214334532,-0.220331119,-0.214834683,0,0,1,0,1,0,0,0,0
0.19566546762589931,0.22348535027948463,0.286644059,0,1,1,1,1,0,0,1,0
0.19566546762589931,0.15785180424484474,0.4812419405273134,0,1,1,1,1,0,0,1,0
-0.174334532,0.033877328,0.004087934,0,1,1,1,1,0,0,0,1
0.19566546762589931,0.18762998716796842,0.5177290433647885,0,1,1,1,1,0,0,1,0
0.19566546762589931,0.19431488537520025,0.26231932350246256,0,1,1,1,1,0,0,1,0
-0.144334532,0.073379,-0.17834758,0,1,1,1,1,0,0,0,0
0.19566546762589931,0.23551816705250206,0.7248906509083598,0,1,1,1,1,0,0,1,0
0.19566546762589931,0.13536623754779215,0.4816432986585255,0,1,1,1,1,0,0,1,0
0.19566546762589931,0.1408356997173455,0.32313116156492117,0,1,1,1,1,0,0,1,0
0.19566546762589931,0.15177462405645215,0.47842027124121533,0,1,1,1,1,0,0,1,0
-0.194334532,0.072345879,-0.081048639,0,1,1,1,1,0,0,0,1
-0.244334532,-0.004591222,0.10138687525397222,0,1,1,1,1,0,0,0,0
0.19566546762589931,0.1563325091977466,0.3203094922788231,0,1,1,1,1,0,0,1,0
0.19566546762589931,0.1755971703949511,0.11637091215256201,0,1,1,1,1,0,0,1,0
-0.174334532,0.12321187717100701,-0.190509947,0,1,1,1,1,0,0,0,1
-0.054334532,0.1627135483955588,0.18652344854141417,0,1,1,1,1,0,0,0,1
-0.314334532,0.12321187717100701,-0.214834683,0,1,1,1,1,0,0,0,1
0.005665468,0.013822633779940474,0.15003634570393903,0,1,1,1,1,0,0,0,1
-0.344334532,0.001485958,0.07706214,0,1,1,1,1,0,0,0,1
-0.144334532,0.012911056751681582,-0.166185212,0,1,1,1,1,0,0,0,1
0.19566546762589931,0.18307210202667396,0.28382238944134797,0,1,1,0,1,0,0,1,0
0.19566546762589931,0.13968103548155092,0.36895896272879003,0,1,1,0,1,0,0,1,0
-0.264334532,0.10437261858698998,-0.214834683,0,1,1,0,1,0,0,0,0
-0.174334532,-0.035037895,-0.154022845,0,1,1,0,1,0,0,0,0
-0.354334532,0.12078100509564993,-0.202672315,0,1,1,0,1,0,0,0,0
0.19566546762589931,0.17486790877234398,-0.032399168,0,1,1,0,1,0,0,1,0
0.19566546762589931,0.20033129376170894,0.36895896272879003,0,1,1,0,1,0,0,1,0
-0.174334532,-0.000580283,-0.105373374,0,1,1,0,1,0,0,0,0
-0.234334532,-0.053634066,-0.129698109,0,1,1,0,1,0,0,0,1
-0.074334532,0.084317924,-0.117535742,0,1,1,0,1,0,0,0,1
-0.184334532,-0.037286452,-0.126475082,0,1,1,0,1,0,0,0,1
-0.144334532,-0.102859226,0.006909604,0,1,1,0,1,0,0,0,1
-0.334334532,-0.10468238,0.019071971252628328,0,1,1,0,1,0,0,0,1
-0.284334532,0.12321187717100701,-0.117535742,0,1,1,0,1,0,0,0,1
-0.124334532,0.019535183157029512,-0.07822697,0,1,1,0,1,0,0,0,1
-0.094334532,0.084317924,0.006909604,0,1,1,0,1,0,0,0,1
-0.184334532,-0.00082337,-0.017415132,0,1,1,0,1,0,0,0,1
-0.124334532,0.10072631047395442,0.07706214,0,1,1,0,1,0,0,0,1
0.005665468,-0.097997482,0.19868581615390585,0,1,1,0,1,0,0,0,1
-0.204334532,-0.017231757,-0.081048639,0,1,1,0,1,0,0,0,1
0.19566546762589931,0.5963203548373698,0.2716600218288562,0,0,0,1,0,0,0,1,0
0.075665468,0.18720458455478095,0.004087934,0,0,0,1,0,0,0,0,1
0.11566546762589935,-0.063904501,0.064899772,0,0,0,1,0,0,0,0,1
0.005665468,-0.128808785,-0.020236801,0,0,0,1,0,0,0,0,1
-0.114334532,-0.031330815,-0.044561536,0,0,0,1,0,0,0,0,1
0.1656654676258993,0.067605678,0.040575037,0,0,0,1,0,0,0,0,1
0.065665468,0.078179972,0.064899772,0,0,0,1,0,0,0,0,1
0.1756654676258993,0.1692161311971389,-0.008074433,0,0,0,1,0,0,0,0,1
0.035665468,-0.092163389,0.004087934,0,0,0,1,0,0,0,0,1
0.045665468,-0.174326865,-0.093211007,0,0,0,1,0,0,0,0,0
-0.004334532,-0.002099578,-0.117535742,0,0,0,1,0,0,0,0,0
0.095665468,0.34691287990573816,-0.056723904,0,0,0,1,0,0,0,1,0
0.075665468,-0.119389156,-0.141860477,0,0,0,1,0,0,0,0,0
0.11566546762589935,-0.141874723,-0.081048639,0,0,0,1,0,0,0,0,0
0.13566546762589926,0.18088431715885267,-0.008074433,0,0,0,1,0,0,0,0,1
0.085665468,-0.014861657,-0.117535742,0,0,0,1,0,0,0,0,1
0.025665467625899274,-0.084323826,-0.141860477,0,0,0,1,0,0,0,0,0
-0.044334532,0.025004645326582864,-0.141860477,0,0,0,1,0,0,0,0,0
0.015665467625899265,-0.136648348,-0.129698109,0,0,0,1,0,0,0,0,1
0.055665468,-0.086693927,-0.068886271,0,0,0,1,0,0,0,0,0
0.12566546762589936,-0.021911186,0.02841267,0,0,0,1,0,0,0,0,1
0.055665468,-0.078550505,-0.081048639,0,0,0,1,0,0,0,0,1
0.045665468,-0.038623431,-0.093211007,0,0,0,1,0,0,0,0,1
0.015665467625899265,-0.111671137,-0.105373374,0,0,0,1,0,0,0,0,0
0.065665468,0.091488997,-0.068886271,0,0,0,1,0,0,0,0,0
0.035665468,-0.000276424,-0.068886271,0,0,0,1,0,0,0,0,0
-0.134334532,-0.030844641,-0.166185212,0,0,0,1,0,0,0,0,1
-0.224334532,0.089179668,-0.214834683,0,0,0,1,0,0,0,0,1
-0.094334532,-0.048407691,-0.117535742,0,0,0,1,0,0,0,0,1
0.15566546762589928,0.18033737094189728,0.052737405,0,0,0,1,0,0,0,0,1
0.12566546762589936,0.19443642897896812,0.02841267,0,0,0,1,0,0,0,0,1
0.025665467625899274,-0.09659973,0.004087934,0,0,0,1,0,0,0,0,1
0.055665468,0.11786395860522153,0.004087934,0,0,0,0,0,0,0,0,1
0.095665468,-0.084810001,-0.020236801,0,0,0,0,0,0,0,0,0
0.045665468,0.16441515884830876,-0.056723904,0,0,0,0,0,0,0,0,0
0.005665468,-0.04160125,0.02841267,0,0,0,0,0,0,0,0,1
0.045665468,-0.050291617,0.004087934,0,0,0,0,0,0,0,0,1
0.055665468,-0.078003559,0.064899772,0,0,0,0,0,0,0,0,1
0.015665467625899265,0.022148370638038317,0.07706214,0,0,0,0,0,0,0,0,1
0.065665468,-0.035159439,0.052737405,0,0,0,0,0,0,0,0,1
0.005665468,0.1293498291612835,0.02841267,0,0,0,0,0,0,0,0,1
0.065665468,-0.083229934,0.004087934,0,0,0,0,0,0,0,0,1
-0.154334532,-0.134460563,-0.008074433,0,0,0,0,0,0,0,0,1
-0.024334532,0.059826888,-0.020236801,0,0,0,0,0,0,0,0,0
0.075665468,-0.134460563,-0.093211007,0,0,0,0,0,0,0,0,0
0.005665468,0.10437261858698998,-0.141860477,0,0,0,0,0,0,0,0,1
-0.124334532,-0.100428354,-0.020236801,0,0,0,0,0,0,0,0,1
0.035665468,-0.048954638,-0.056723904,0,0,0,0,0,0,0,0,1
-0.154334532,-0.092102617,-0.068886271,0,0,0,0,0,0,0,0,1
-0.024334532,-0.005016625,-0.044561536,0,0,0,0,0,0,0,0,1
-0.124334532,-0.059711246,-0.154022845,0,0,0,0,0,0,0,0,1
-0.094334532,-0.068036983,-0.141860477,0,0,0,0,0,0,0,0,1
-0.114334532,-0.114770499,-0.166185212,0,0,0,0,0,0,0,0,1
-0.134334532,-0.110455701,0.004087934,0,0,0,0,0,0,0,0,0
-0.324334532,-0.126560229,-0.214834683,0,0,0,0,0,0,0,0,0
-0.154334532,-0.073688761,-0.202672315,0,0,0,0,0,0,0,0,1
-0.284334532,-0.014740113,-0.214834683,0,0,0,0,0,0,0,0,1
-0.154334532,-0.096052784,-0.214834683,0,0,0,0,0,0,0,0,1
-0.334334532,-0.000944914,-0.22699705,0,0,0,0,0,0,0,0,1
-0.124334532,0.121571039,-0.239159418,0,0,0,0,0,0,0,0,1
-0.194334532,-0.005138168,-0.190509947,0,0,0,0,0,0,0,0,1
-0.264334532,-0.053390979,-0.22699705,0,0,0,0,0,0,0,0,0
0.055665468,0.039407562373073246,-0.214834683,0,0,0,1,1,0,0,0,1
0.055665468,-0.113190432,-0.166185212,0,0,0,1,1,0,0,0,1
0.10566546762589935,-0.114770499,0.040575037,0,0,0,1,1,0,0,0,1
0.025665467625899274,0.025065417128466716,-0.154022845,0,0,0,1,1,0,0,0,1
0.19566546762589931,0.32053791788811437,0.089224508,0,0,0,1,1,0,0,1,0
0.035665468,0.062804706,0.02841267,0,0,0,1,1,0,0,0,1
0.12566546762589936,0.018623606128770676,0.004087934,0,0,0,1,1,0,0,0,1
0.005665468,0.088875809,-0.032399168,0,0,0,1,1,0,0,0,0
0.12566546762589936,0.094102184,0.064899772,0,0,0,1,1,0,0,0,1
-0.124334532,-0.139626166,-0.117535742,0,0,0,1,1,0,0,0,1
0.19566546762589931,0.17857498868726346,0.2230105513788893,0,0,0,1,1,0,0,1,0
-0.034334532,-0.015530147,-0.032399168,0,0,0,1,1,0,0,0,1
0.19566546762589931,0.44992108409899256,0.13787397809144736,0,0,0,1,1,0,0,1,0
0.075665468,0.18258592761160258,0.064899772,0,0,0,1,1,0,0,0,1
0.19566546762589931,0.3419903639531401,0.19868581615390585,0,0,0,1,1,0,0,1,0
0.19566546762589931,0.18386213545116503,0.16219871331643076,0,0,0,1,1,0,0,1,0
0.11566546762589935,0.5777849552627724,0.02841267,0,0,0,1,1,0,0,0,1
0.19566546762589931,0.13396848610446188,0.19868581615390585,0,0,0,1,1,0,0,1,0
0.13566546762589926,0.1782711296778438,0.004087934,0,0,0,1,1,0,0,0,1
0.065665468,0.098477754,-0.093211007,0,0,0,1,1,0,0,0,1
0.095665468,0.7344546605195332,-0.068886271,0,0,0,1,1,0,0,0,1
0.005665468,0.1280128495198372,-0.068886271,0,0,0,1,1,0,0,0,0
0.13566546762589926,0.049677997,-0.068886271,0,0,0,1,1,0,0,0,1
-0.224334532,-0.00082337,-0.032399168,0,0,0,1,1,0,0,0,1
0.095665468,0.084317924,-0.008074433,0,0,0,1,1,0,0,0,1
0.065665468,0.23618665687322526,-0.056723904,0,0,0,1,1,0,0,0,1
0.12566546762589936,0.084257152,-0.020236801,0,0,0,1,1,0,0,0,1
0.19566546762589931,0.23430273101482352,0.13787397809144736,0,0,0,1,1,0,0,1,0
0.10566546762589935,-0.00082337,-0.008074433,0,0,0,1,1,0,0,0,1
0.10566546762589935,0.10437261858698998,0.004087934,0,0,0,1,1,0,0,0,1
0.095665468,-0.005138168,-0.044561536,0,0,0,1,1,0,0,0,1
0.065665468,-0.171835221,-0.117535742,0,0,0,0,1,0,0,0,0
-0.004334532,0.11549385833174847,0.02841267,0,0,0,0,1,0,0,0,0
0.075665468,0.22470078631716311,-0.032399168,0,0,0,0,1,0,0,0,1
0.15566546762589928,-0.065545339,-0.008074433,0,0,0,0,1,0,0,0,1
0.085665468,-0.099881408,-0.056723904,0,0,0,0,1,0,0,0,1
0.035665468,-0.061716716,-0.068886271,0,0,0,0,1,0,0,0,0
0.075665468,-0.11750523,-0.068886271,0,0,0,0,1,0,0,0,1
0.14566546762589927,0.092461345,-0.056723904,0,0,0,0,1,0,0,0,1
-0.004334532,-0.059772018,-0.020236801,0,0,0,0,1,0,0,0,0
0.10566546762589935,-0.036921821,0.02841267,0,0,0,0,1,0,0,0,1
-0.144334532,-0.08140678,-0.093211007,0,0,0,0,1,0,0,0,1
-0.264334532,-0.014740113,-0.166185212,0,0,0,0,1,0,0,0,0
-0.174334532,-0.071440204,-0.141860477,0,0,0,0,1,0,0,0,1
0.045665468,0.055937492,-0.081048639,0,0,0,0,1,0,0,0,1
-0.174334532,0.01199948,-0.008074433,0,0,0,0,1,0,0,0,1
-0.194334532,-0.002403437,-0.032399168,0,0,0,0,1,0,0,0,0
-0.234334532,0.083649434,-0.056723904,0,0,0,0,1,0,0,0,1
-0.184334532,-0.053694838,0.02841267,0,0,0,0,1,0,0,0,1
-0.224334532,-0.036617962,-0.214834683,0,0,0,0,1,0,0,0,0
-0.054334532,0.083527891,-0.202672315,0,0,0,0,1,0,0,0,1
0.11566546762589935,-0.126134826,-0.081048639,0,0,0,0,1,0,0,0,1
-0.184334532,-0.102251508,-0.117535742,0,0,0,0,1,0,0,0,0
-0.294334532,-0.071440204,-0.190509947,0,0,0,0,1,0,0,0,1
-0.144334532,-0.067611581,-0.141860477,0,0,0,0,1,0,0,0,1
-0.054334532,0.1280128495198372,-0.154022845,0,0,0,0,1,0,0,0,1
-0.124334532,-0.205563571,0.02841267,0,0,0,0,1,0,0,0,0
-0.294334532,-0.132455093,-0.17834758,0,0,0,0,1,0,0,0,1
-0.124334532,-0.097997482,-0.166185212,0,0,0,0,1,0,0,0,1
-0.124334532,-0.207386725,-0.202672315,0,0,0,0,1,0,0,0,0
-0.164334532,0.084135609,-0.214834683,0,0,0,0,1,0,0,0,1
-0.024334532,0.055329774466661874,-0.117535742,0,0,0,1,1,1,0,0,1
0.19566546762589931,0.167514521,0.3081471246663313,0,0,0,1,1,1,0,1,0
0.13566546762589926,-0.004773538,0.12571161047895563,0,0,0,1,1,1,0,0,1
0.19566546762589931,0.12886365474621214,0.28382238944134797,0,0,0,1,1,1,0,1,0
0.19566546762589931,0.030474107496136216,0.19868581615390585,0,0,0,1,1,1,0,1,0
0.14566546762589927,0.17146468786684416,0.07706214,0,0,0,1,1,1,0,0,1
0.10566546762589935,0.005557669,-0.020236801,0,0,0,1,1,1,0,0,1
0.14566546762589927,0.011695620714003097,-0.129698109,0,0,0,1,1,1,0,0,1
-0.224334532,0.12072023329376608,-0.17834758,0,0,0,1,1,1,0,0,1
0.19566546762589931,0.1337253988969262,0.13787397809144736,0,0,0,1,1,1,0,1,0
0.19566546762589931,0.14393506161342573,0.16219871331643076,0,0,0,1,1,1,0,1,0
0.19566546762589931,0.16648140011236223,0.18652344854141417,0,0,0,1,1,1,0,1,0
0.19566546762589931,0.13178070123664054,0.3203094922788231,0,0,0,1,1,1,0,1,0
0.1656654676258993,0.1814920351776919,0.19868581615390585,0,0,0,1,1,1,0,1,0
0.015665467625899265,0.12321187717100701,0.07706214,0,0,0,1,1,1,0,0,1
0.12566546762589936,0.1450289540473364,0.12571161047895563,0,0,0,1,1,1,0,0,1
0.015665467625899265,0.025430048,-0.166185212,0,0,0,1,1,1,0,0,1
0.19566546762589931,0.13840482764198847,0.004087934,0,0,0,1,1,1,0,0,1
0.19566546762589931,0.15189616766022002,-0.008074433,0,0,0,1,1,1,0,1,0
0.19566546762589931,0.15742640163165728,0.089224508,0,0,0,1,1,1,0,1,0
0.19566546762589931,0.15195693946210398,0.2716600218288562,0,0,0,1,1,1,0,1,0
0.015665467625899265,0.10455493399264182,-0.056723904,0,0,0,1,1,1,0,0,1
-0.064334532,-0.000519511,-0.166185212,0,0,0,1,1,1,0,0,1
0.025665467625899274,0.12199644113332847,-0.093211007,0,0,0,1,1,1,0,0,1
0.025665467625899274,0.022209142,-0.032399168,0,0,0,1,1,1,0,0,1
-0.024334532,-0.00416582,0.040575037,0,0,0,1,1,1,0,0,1
0.045665468,0.011938707921538783,0.07706214,0,0,0,1,1,1,0,0,1
0.065665468,0.079820811,0.19868581615390585,0,0,0,1,1,1,0,0,1
0.015665467625899265,0.12041637428434648,0.07706214,0,0,0,1,1,1,0,0,1
0.19566546762589931,0.14393506161342573,0.34463422750380657,0,0,0,1,1,1,0,1,0
0.19566546762589931,0.16648140011236223,0.3324718598913148,0,0,0,1,1,1,0,1,0
0.19566546762589931,0.13178070123664054,0.2716600218288562,0,0,0,1,1,1,0,1,0
0.19566546762589931,0.1814920351776919,0.07706214,0,0,0,1,1,1,0,1,0
0.015665467625899265,0.12321187717100701,-0.056723904,0,0,0,1,1,1,0,0,1
0.19566546762589931,0.1450289540473364,0.2230105513788893,0,0,0,1,1,1,0,1,0
-0.014334532,-0.126377913,-0.058223929,0,0,0,0,1,1,0,0,1
-0.094334532,-0.097815166,-0.096758364,0,0,0,0,1,1,0,0,1
0.11566546762589935,-0.180464817,-0.137269183,0,0,0,0,1,1,0,0,1
0.19566546762589931,0.14022798169850625,-0.158847251,0,0,0,0,1,1,0,1,0
-0.144334532,-0.134156704,-0.110968063,0,0,0,0,1,1,0,0,1
0.19566546762589931,0.18416599446058468,-0.18594906,0,0,0,0,1,1,0,1,0
0.19566546762589931,0.2009997835824321,-0.098765155,0,0,0,0,1,1,0,1,0
-0.184334532,-0.047556886,-0.16083377,0,0,0,0,1,1,0,0,1
0.11566546762589935,-0.053634066,-0.184672011,0,0,0,0,1,1,0,0,1
-0.004334532,-0.07095403,-0.114860021,0,0,0,0,1,1,0,0,1
0.19566546762589931,0.18416599446058468,0.12887382605820347,0,0,0,0,1,1,0,1,0
0.085665468,0.15773026064107692,0.034899265233605314,0,0,0,0,1,1,0,0,1
0.19566546762589931,0.1301398625857746,0.3203094922788231,0,0,0,0,1,1,0,1,0
0.15566546762589928,0.12321187717100701,0.018196280784528895,0,0,0,0,1,1,0,0,1
0.085665468,0.056605982,-0.147293002,0,0,0,0,1,1,0,0,1
-0.064334532,-0.053451751,-0.135617129,0,0,0,0,1,1,0,0,1
0.15566546762589928,0.1292282855575157,0.062061887,0,0,0,0,1,1,0,0,1
-0.064334532,-0.146675695,-0.029601824,0,0,0,0,1,1,0,0,1
-0.204334532,-0.097997482,0.20184803173315374,0,0,0,0,1,1,0,0,1
-0.064334532,-0.195232365,-0.109265332,0,0,0,0,1,1,0,0,1
-0.064334532,-0.11987533,-0.223834835,0,0,0,0,1,1,0,0,1
-0.044334532,-0.110638016,-0.081656757,0,0,0,0,1,1,0,0,1
0.19566546762589931,0.13354308349127436,0.20683460245427537,0,0,0,0,1,1,0,1,0
-0.164334532,-0.049744671,-0.117535742,0,0,0,0,1,1,0,0,1
-0.014334532,-0.053512523,-0.214834683,0,0,0,0,1,1,0,0,1
0.015665467625899265,0.10072631047395442,-0.202672315,0,0,0,0,1,1,0,0,1
-0.104334532,-0.189762903,-0.190509947,0,0,0,0,1,1,0,0,1
-0.104334532,-0.132515865,-0.081048639,0,0,0,0,1,1,0,0,1
-0.074334532,0.061103096,-0.008074433,0,0,0,0,1,1,0,0,1
0.19566546762589931,0.13870868665140806,0.35679659511629824,0,0,0,1,1,0,1,1,0
-0.134334532,-0.097997482,-0.249700137,0,0,0,1,1,0,1,0,1
0.055665468,0.1814920351776919,-0.138211767,0,0,0,1,1,0,1,0,1
0.025665467625899274,-0.077152754,-0.173320468,0,0,0,1,1,0,1,0,1
0.075665468,0.098416982,-0.1274278,0,0,0,1,1,0,1,0,1
0.19566546762589931,0.30309641074742755,0.004087934,0,0,0,1,1,0,1,1,0
0.19566546762589931,0.14144341773618474,0.064899772,0,0,0,1,1,0,1,1,0
0.19566546762589931,0.22087216279847582,0.052737405,0,0,0,1,1,0,1,1,0
0.045665468,0.016861223874136744,-0.130995429,0,0,0,1,1,0,1,0,1
0.19566546762589931,0.32691895708592655,0.19868581615390585,0,0,0,1,1,0,1,1,0
0.025665467625899274,0.018623606128770676,-0.246010885,0,0,0,1,1,0,1,0,1
-0.264334532,-0.033397056,-0.275109349,0,0,0,1,1,0,1,0,1
0.095665468,0.053263533202608404,-0.258892859,0,0,0,1,1,0,1,0,1
0.13566546762589926,0.12072023329376608,-0.228497075,0,0,0,1,1,0,1,0,1
0.11566546762589935,0.12266493095405168,-0.18594906,0,0,0,1,1,0,1,0,1
0.085665468,0.013579546572404788,-0.075934363,0,0,0,1,1,0,1,0,1
-0.134334532,-0.008055215,-0.098755019,0,0,0,1,1,0,1,0,1
0.12566546762589936,0.011270218100815632,-0.11497151,0,0,0,1,1,0,1,0,1
-0.294334532,-0.022701219,-0.18594906,0,0,0,1,1,0,1,0,0
-0.224334532,0.009507836,0.043129134390136936,0,0,0,1,1,0,1,0,1
0.19566546762589931,0.059401485,-0.040000648,0,0,0,1,1,0,1,0,1
0.045665468,0.084439468,-0.050561637,0,0,0,1,1,0,1,0,1
0.005665468,0.12078100509564993,-0.051291379,0,0,0,1,1,0,1,0,1
-0.014334532,0.16514442047091582,-0.118589814,0,0,0,1,1,0,1,0,1
-0.024334532,0.082980944,-0.150049804,0,0,0,1,1,0,1,0,1
-0.054334532,0.084317924,-0.141536147,0,0,0,1,1,0,1,0,1
-0.034334532,-0.003193471,-0.105130127,0,0,0,1,1,0,1,0,1
-0.014334532,0.12078100509564993,-0.081454051,0,0,0,1,1,0,1,0,1
0.025665467625899274,-0.008115987,-0.091589358,0,0,0,1,1,0,1,0,1
0.19566546762589931,0.14095724332111337,0.064899772,0,0,0,1,1,0,1,1,0
-0.264334532,-0.243667491,-0.101481417,0,0,0,0,1,0,1,0,0
-0.314334532,0.005800756,-0.179867876,0,0,0,0,1,0,1,0,1
-0.244334532,-0.254059469,-0.141323305,0,0,0,0,1,0,1,0,0
-0.414334532,-0.163387941,-0.023824699,0,0,0,0,1,0,1,0,1
-0.404334532,-0.265545339,-0.056298221,0,0,0,0,1,0,1,0,1
-0.164334532,-0.17517767,-0.070264673,0,0,0,0,1,0,1,0,0
-0.124334532,-0.249319268,-0.053440064,0,0,0,0,1,0,1,0,0
-0.104334532,-0.243242088,0.089224508,0,0,0,0,1,0,1,0,0
-0.144334532,-0.230723097,-0.008074433,0,0,0,0,1,0,1,0,0
-0.344334532,-0.225800581,-0.139103673,0,0,0,0,1,0,1,0,0
-0.224334532,-0.218143334,-0.052750863,0,0,0,0,1,0,1,0,0
-0.584334532,-0.254849502,-0.097427294,0,0,0,0,1,0,1,0,1
-0.354334532,-0.241844337,-0.063129418,0,0,0,0,1,0,1,0,1
-0.194334532,-0.217110213,0.064899772,0,0,0,0,1,0,1,0,0
-0.654334532,-0.238441116,-0.076102609,0,0,0,0,1,0,1,0,1
-0.224334532,-0.221242696,-0.099778685,0,0,0,0,1,0,1,0,1
-0.484334532,-0.243059773,-0.127914295,0,0,0,0,1,0,1,0,1
-0.384334532,-0.134460563,-0.101238169,0,0,0,0,1,0,1,0,1
-0.064334532,-0.183685722,0.07706214,0,0,0,0,1,0,1,0,0
-0.214334532,-0.249197725,-0.114507312,0,0,0,0,1,0,1,0,0
-0.314334532,-0.238380344,-0.163533816,0,0,0,0,1,0,1,0,1
-0.284334532,-0.231087728,-0.114276227,0,0,0,0,1,0,1,0,0